`,,,,,,,,,
,,,,,,"Vijayawada, India",,,
,Monthly Prayer Times in Vijayawada,,,,,,,Print ,
Dec-24,,,,,,Jumada Al-Awwal 1446 - Jumada Al-Akhirah 1446,,,
December,Jumada Al-Awwal,Day,Fajr,Sunrise,Dhuhr,Asr,Maghrib,Isha,
,1,27,Sun,5:04 AM,6:20 AM,11:57 AM,3:10 PM,5:34 PM,6:50 PM
,2,28,Mon,5:05 AM,6:20 AM,11:58 AM,3:10 PM,5:34 PM,6:50 PM
,3,29,Tue,5:05 AM,6:21 AM,11:58 AM,3:10 PM,5:34 PM,6:50 PM
December,Jumada Al-Akhirah,Day,,,,,,,
,4,1,Wed,5:06 AM,6:21 AM,11:58 AM,3:11 PM,5:34 PM,6:51 PM
,5,2,Thu,5:06 AM,6:22 AM,11:59 AM,3:11 PM,5:34 PM,6:51 PM
,6,3,Fri,5:07 AM,6:23 AM,11:59 AM,3:11 PM,5:35 PM,6:51 PM
,7,4,Sat,5:08 AM,6:23 AM,12:00 PM,3:12 PM,5:35 PM,6:52 PM
,8,5,Sun,5:08 AM,6:24 AM,12:00 PM,3:12 PM,5:35 PM,6:52 PM
,9,6,Mon,5:09 AM,6:24 AM,12:00 PM,3:12 PM,5:36 PM,6:52 PM
,10,7,Tue,5:09 AM,6:25 AM,12:01 PM,3:13 PM,5:36 PM,6:53 PM
,11,8,Wed,5:10 AM,6:25 AM,12:01 PM,3:13 PM,5:36 PM,6:53 PM
,12,9,Thu,5:10 AM,6:26 AM,12:02 PM,3:13 PM,5:37 PM,6:54 PM
,13,10,Fri,5:11 AM,6:27 AM,12:02 PM,3:14 PM,5:37 PM,6:54 PM
,14,11,Sat,5:11 AM,6:27 AM,12:03 PM,3:14 PM,5:37 PM,6:54 PM
,15,12,Sun,5:12 AM,6:28 AM,12:03 PM,3:15 PM,5:38 PM,6:55 PM
,16,13,Mon,5:12 AM,6:28 AM,12:04 PM,3:15 PM,5:38 PM,6:55 PM
,17,14,Tue,5:13 AM,6:29 AM,12:04 PM,3:15 PM,5:39 PM,6:56 PM
,18,15,Wed,5:13 AM,6:29 AM,12:05 PM,3:16 PM,5:39 PM,6:56 PM
,19,16,Thu,5:14 AM,6:30 AM,12:05 PM,3:16 PM,5:40 PM,6:57 PM
,20,17,Fri,5:14 AM,6:30 AM,12:06 PM,3:17 PM,5:40 PM,6:57 PM
,21,18,Sat,5:15 AM,6:31 AM,12:06 PM,3:17 PM,5:41 PM,6:58 PM
,22,19,Sun,5:15 AM,6:31 AM,12:07 PM,3:18 PM,5:41 PM,6:58 PM
,23,20,Mon,5:16 AM,6:32 AM,12:07 PM,3:18 PM,5:42 PM,6:59 PM
,24,21,Tue,5:16 AM,6:32 AM,12:08 PM,3:19 PM,5:42 PM,6:59 PM
,25,22,Wed,5:17 AM,6:33 AM,12:08 PM,3:19 PM,5:43 PM,7:00 PM
,26,23,Thu,5:17 AM,6:33 AM,12:09 PM,3:20 PM,5:43 PM,7:00 PM
,27,24,Fri,5:18 AM,6:34 AM,12:09 PM,3:21 PM,5:44 PM,7:01 PM
,28,25,Sat,5:18 AM,6:34 AM,12:10 PM,3:21 PM,5:44 PM,7:01 PM
,29,26,Sun,5:18 AM,6:34 AM,12:10 PM,3:22 PM,5:45 PM,7:02 PM
,30,27,Mon,5:19 AM,6:35 AM,12:11 PM,3:22 PM,5:46 PM,7:02 PM
,31,28,Tue,5:19 AM,6:35 AM,12:11 PM,3:23 PM,5:46 PM,7:03 PM
Calculation Method,,,,,,,,,
"University Of Islamic Sciences, Karachi",,,,,,,,,
"Fajr 18.0 degrees, Isha 18.0 degrees",,,,,,,,,
Juristic Method,,,,,,,,,
"Hanbali, Maliki, Sha ",,,,,,,,,
Daylight Saving,,,,,,,,,
Auto,,,,,,,,,
Latitude/Longitude,,,,,,,,,
`,,,,,,,,,
,,,,,,"Vijayawada, India",,,
,Monthly Prayer Times in Vijayawada,,,,,,,Print ,
Jan-25,,,,,,Jumada Al-Akhirah 1446 - Rajab 1446,,,
January,Jumada Al-Akhirah,Day,Fajr,Sunrise,Dhuhr,Asr,Maghrib,Isha,
,1,29,Wed,5:20 AM,6:36 AM,12:12 PM,3:23 PM,5:47 PM,7:04 PM
,2,30,Thu,5:20 AM,6:36 AM,12:12 PM,3:24 PM,5:47 PM,7:04 PM
January,Rajab,Day,,,,,,,
,3,1,Fri,5:20 AM,6:36 AM,12:13 PM,3:24 PM,5:48 PM,7:05 PM
,4,2,Sat,5:21 AM,6:37 AM,12:13 PM,3:25 PM,5:48 PM,7:05 PM
,5,3,Sun,5:21 AM,6:37 AM,12:13 PM,3:26 PM,5:49 PM,7:06 PM
,6,4,Mon,5:22 AM,6:37 AM,12:14 PM,3:26 PM,5:50 PM,7:06 PM
,7,5,Tue,5:22 AM,6:37 AM,12:14 PM,3:27 PM,5:50 PM,7:07 PM
,8,6,Wed,5:22 AM,6:38 AM,12:15 PM,3:27 PM,5:51 PM,7:07 PM
,9,7,Thu,5:22 AM,6:38 AM,12:15 PM,3:28 PM,5:51 PM,7:08 PM
,10,8,Fri,5:23 AM,6:38 AM,12:16 PM,3:28 PM,5:52 PM,7:08 PM
,11,9,Sat,5:23 AM,6:38 AM,12:16 PM,3:29 PM,5:53 PM,7:09 PM
,12,10,Sun,5:23 AM,6:39 AM,12:16 PM,3:29 PM,5:53 PM,7:09 PM
,13,11,Mon,5:23 AM,6:39 AM,12:17 PM,3:30 PM,5:54 PM,7:10 PM
,14,12,Tue,5:24 AM,6:39 AM,12:17 PM,3:31 PM,5:55 PM,7:10 PM
,15,13,Wed,5:24 AM,6:39 AM,12:17 PM,3:31 PM,5:55 PM,7:11 PM
,16,14,Thu,5:24 AM,6:39 AM,12:18 PM,3:32 PM,5:56 PM,7:12 PM
,17,15,Fri,5:24 AM,6:39 AM,12:18 PM,3:32 PM,5:56 PM,7:12 PM
,18,16,Sat,5:24 AM,6:39 AM,12:18 PM,3:33 PM,5:57 PM,7:13 PM
,19,17,Sun,5:25 AM,6:39 AM,12:19 PM,3:33 PM,5:57 PM,7:13 PM
,20,18,Mon,5:25 AM,6:39 AM,12:19 PM,3:34 PM,5:58 PM,7:13 PM
,21,19,Tue,5:25 AM,6:39 AM,12:19 PM,3:34 PM,5:59 PM,7:14 PM
,22,20,Wed,5:25 AM,6:39 AM,12:20 PM,3:35 PM,5:59 PM,7:14 PM
,23,21,Thu,5:25 AM,6:39 AM,12:20 PM,3:35 PM,6:00 PM,7:15 PM
,24,22,Fri,5:25 AM,6:39 AM,12:20 PM,3:35 PM,6:00 PM,7:15 PM
,25,23,Sat,5:25 AM,6:39 AM,12:20 PM,3:36 PM,6:01 PM,7:16 PM
,26,24,Sun,5:25 AM,6:39 AM,12:21 PM,3:36 PM,6:01 PM,7:16 PM
,27,25,Mon,5:25 AM,6:39 AM,12:21 PM,3:37 PM,6:02 PM,7:17 PM
,28,26,Tue,5:25 AM,6:39 AM,12:21 PM,3:37 PM,6:03 PM,7:17 PM
,29,27,Wed,5:25 AM,6:38 AM,12:21 PM,3:38 PM,6:03 PM,7:18 PM
,30,28,Thu,5:25 AM,6:38 AM,12:21 PM,3:38 PM,6:04 PM,7:18 PM
,31,29,Fri,5:25 AM,6:38 AM,12:21 PM,3:38 PM,6:04 PM,7:18 PM
Calculation Method,,,,,,,,,
"University Of Islamic Sciences, Karachi",,,,,,,,,
"Fajr 18.0 degrees, Isha 18.0 degrees",,,,,,,,,
Juristic Method,,,,,,,,,
"Hanbali, Maliki, Sha ",,,,,,,,,
Daylight Saving,,,,,,,,,
Auto,,,,,,,,,
Latitude/Longitude,,,,,,,,,
,,,,,,,"Vijayawada, India",,
,Monthly Prayer Times in Vijayawada,,,,,,,Print ,
Feb-25,,,,,,,Rajab 1446 - Shaban 1446,,
February,Rajab,Day,Fajr,Sunrise,Dhuhr,Asr,Maghrib,Isha,
,1,30,Sat,5:24 AM,6:38 AM,12:22 PM,3:39 PM,6:05 PM,7:19 PM
,February,Shaban,Day,,,,,,
,2,1,Sun,5:24 AM,6:38 AM,12:22 PM,3:39 PM,6:05 PM,7:19 PM
,3,2,Mon,5:24 AM,6:37 AM,12:22 PM,3:39 PM,6:06 PM,7:20 PM
,4,3,Tue,5:24 AM,6:37 AM,12:22 PM,3:40 PM,6:06 PM,7:20 PM
,5,4,Wed,5:24 AM,6:37 AM,12:22 PM,3:40 PM,6:06 PM,7:20 PM
,6,5,Thu,5:24 AM,6:36 AM,12:22 PM,3:40 PM,6:07 PM,7:21 PM
,7,6,Fri,5:23 AM,6:36 AM,12:22 PM,3:40 PM,6:07 PM,7:21 PM
,8,7,Sat,5:23 AM,6:36 AM,12:22 PM,3:41 PM,6:08 PM,7:21 PM
,9,8,Sun,5:23 AM,6:35 AM,12:22 PM,3:41 PM,6:08 PM,7:22 PM
,10,9,Mon,5:22 AM,6:35 AM,12:22 PM,3:41 PM,6:09 PM,7:22 PM
,11,10,Tue,5:22 AM,6:35 AM,12:22 PM,3:41 PM,6:09 PM,7:22 PM
,12,11,Wed,5:22 AM,6:34 AM,12:22 PM,3:41 PM,6:09 PM,7:23 PM
,13,12,Thu,5:21 AM,6:34 AM,12:22 PM,3:42 PM,6:10 PM,7:23 PM
,14,13,Fri,5:21 AM,6:33 AM,12:22 PM,3:42 PM,6:10 PM,7:23 PM
,15,14,Sat,5:21 AM,6:33 AM,12:22 PM,3:42 PM,6:11 PM,7:24 PM
,16,15,Sun,5:20 AM,6:32 AM,12:22 PM,3:42 PM,6:11 PM,7:24 PM
,17,16,Mon,5:20 AM,6:32 AM,12:22 PM,3:42 PM,6:11 PM,7:24 PM
,18,17,Tue,5:19 AM,6:31 AM,12:22 PM,3:42 PM,6:12 PM,7:24 PM
,19,18,Wed,5:19 AM,6:31 AM,12:22 PM,3:42 PM,6:12 PM,7:25 PM
,20,19,Thu,5:19 AM,6:30 AM,12:22 PM,3:42 PM,6:12 PM,7:25 PM
,21,20,Fri,5:18 AM,6:30 AM,12:22 PM,3:42 PM,6:13 PM,7:25 PM
,22,21,Sat,5:18 AM,6:29 AM,12:21 PM,3:42 PM,6:13 PM,7:25 PM
,23,22,Sun,5:17 AM,6:29 AM,12:21 PM,3:42 PM,6:13 PM,7:26 PM
,24,23,Mon,5:16 AM,6:28 AM,12:21 PM,3:42 PM,6:14 PM,7:26 PM
,25,24,Tue,5:16 AM,6:27 AM,12:21 PM,3:42 PM,6:14 PM,7:26 PM
,26,25,Wed,5:15 AM,6:27 AM,12:21 PM,3:42 PM,6:14 PM,7:26 PM
,27,26,Thu,5:15 AM,6:26 AM,12:21 PM,3:42 PM,6:14 PM,7:27 PM
,28,27,Fri,5:14 AM,6:26 AM,12:21 PM,3:42 PM,6:15 PM,7:27 PM
Calculation Method,,,,,,,,,
"University Of Islamic Sciences, Karachi",,,,,,,,,
"Fajr 18.0 degrees, Isha 18.0 degrees",,,,,,,,,
Juristic Method,,,,,,,,,
"Hanbali, Maliki, Sha ",,,,,,,,,
Daylight Saving,,,,,,,,,
Auto,,,,,,,,,
Latitude/Longitude,,,,,,,,,
"16.5167, 80.6167",,,,,,,,,
,,,IslamicFinder © 2024. All rights reserved.,,,,,,
`,,,,,,,,,
,,,,,,,"Vijayawada, India",,
,Monthly Prayer Times in Vijayawada,,,,,,,Print ,
Mar-25,,,,,,,Shaban 1446 - Ramadan 1446,,
March,Shaban,Day,Fajr,Sunrise,Dhuhr,Asr,Maghrib,Isha,
,1,28,Sat,5:14 AM,6:25 AM,12:20 PM,3:42 PM,6:15 PM,7:27 PM
,2,29,Sun,5:13 AM,6:24 AM,12:20 PM,3:42 PM,6:15 PM,7:27 PM
March,Ramadan,Day,,,,,,,
,3,1,Mon,5:12 AM,6:24 AM,12:20 PM,3:42 PM,6:16 PM,7:27 PM
,4,2,Tue,5:12 AM,6:23 AM,12:20 PM,3:42 PM,6:16 PM,7:28 PM
,5,3,Wed,5:11 AM,6:22 AM,12:19 PM,3:41 PM,6:16 PM,7:28 PM
,6,4,Thu,5:10 AM,6:22 AM,12:19 PM,3:41 PM,6:16 PM,7:28 PM
,7,5,Fri,5:10 AM,6:21 AM,12:19 PM,3:41 PM,6:16 PM,7:28 PM
,8,6,Sat,5:09 AM,6:20 AM,12:19 PM,3:41 PM,6:17 PM,7:29 PM
,9,7,Sun,5:08 AM,6:19 AM,12:19 PM,3:41 PM,6:17 PM,7:29 PM
,10,8,Mon,5:08 AM,6:19 AM,12:18 PM,3:40 PM,6:17 PM,7:29 PM
,11,9,Tue,5:07 AM,6:18 AM,12:18 PM,3:40 PM,6:17 PM,7:29 PM
,12,10,Wed,5:06 AM,6:17 AM,12:18 PM,3:40 PM,6:17 PM,7:29 PM
,13,11,Thu,5:05 AM,6:17 AM,12:17 PM,3:40 PM,6:18 PM,7:30 PM
,14,12,Fri,5:05 AM,6:16 AM,12:17 PM,3:39 PM,6:18 PM,7:30 PM
,15,13,Sat,5:04 AM,6:15 AM,12:17 PM,3:39 PM,6:18 PM,7:30 PM
,16,14,Sun,5:03 AM,6:14 AM,12:17 PM,3:39 PM,6:18 PM,7:30 PM
,17,15,Mon,5:02 AM,6:14 AM,12:16 PM,3:38 PM,6:18 PM,7:30 PM
,18,16,Tue,5:02 AM,6:13 AM,12:16 PM,3:38 PM,6:19 PM,7:30 PM
,19,17,Wed,5:01 AM,6:12 AM,12:16 PM,3:38 PM,6:19 PM,7:31 PM
,20,18,Thu,5:00 AM,6:11 AM,12:15 PM,3:37 PM,6:19 PM,7:31 PM
,21,19,Fri,4:59 AM,6:10 AM,12:15 PM,3:37 PM,6:19 PM,7:31 PM
,22,20,Sat,4:58 AM,6:10 AM,12:15 PM,3:36 PM,6:19 PM,7:31 PM
,23,21,Sun,4:58 AM,6:09 AM,12:15 PM,3:36 PM,6:19 PM,7:31 PM
,24,22,Mon,4:57 AM,6:08 AM,12:14 PM,3:36 PM,6:20 PM,7:32 PM
,25,23,Tue,4:56 AM,6:07 AM,12:14 PM,3:35 PM,6:20 PM,7:32 PM
,26,24,Wed,4:55 AM,6:07 AM,12:14 PM,3:35 PM,6:20 PM,7:32 PM
,27,25,Thu,4:54 AM,6:06 AM,12:13 PM,3:34 PM,6:20 PM,7:32 PM
,28,26,Fri,4:54 AM,6:05 AM,12:13 PM,3:34 PM,6:20 PM,7:33 PM
,29,27,Sat,4:53 AM,6:04 AM,12:13 PM,3:33 PM,6:20 PM,7:33 PM
,30,28,Sun,4:52 AM,6:04 AM,12:12 PM,3:33 PM,6:21 PM,7:33 PM
,31,29,Mon,4:51 AM,6:03 AM,12:12 PM,3:32 PM,6:21 PM,7:33 PM
Calculation Method,,,,,,,,,
"University Of Islamic Sciences, Karachi",,,,,,,,,
"Fajr 18.0 degrees, Isha 18.0 degrees",,,,,,,,,
Juristic Method,,,,,,,,,
"Hanbali, Maliki, Sha ",,,,,,,,,
Daylight Saving,,,,,,,,,
Auto,,,,,,,,,
Latitude/Longitude,,,,,,,,,
,,,,,,,"Vijayawada, India",,
,Monthly Prayer Times in Vijayawada,,,,,,,Print ,
Apr-25,,,,,,,,Shawwal 1446,
April,Shawwal,Day,Fajr,Sunrise,Dhuhr,Asr,Maghrib,Isha,
1,1,Tue,4:50 AM,6:02 AM,12:12 PM,3:32 PM,6:21 PM,7:34 PM,
2,2,Wed,4:49 AM,6:01 AM,12:12 PM,3:31 PM,6:21 PM,7:34 PM,
3,3,Thu,4:49 AM,6:01 AM,12:11 PM,3:31 PM,6:21 PM,7:34 PM,
4,4,Fri,4:48 AM,6:00 AM,12:11 PM,3:30 PM,6:21 PM,7:34 PM,
5,5,Sat,4:47 AM,5:59 AM,12:11 PM,3:30 PM,6:22 PM,7:34 PM,
6,6,Sun,4:46 AM,5:58 AM,12:10 PM,3:29 PM,6:22 PM,7:35 PM,
7,7,Mon,4:45 AM,5:58 AM,12:10 PM,3:29 PM,6:22 PM,7:35 PM,
8,8,Tue,4:44 AM,5:57 AM,12:10 PM,3:28 PM,6:22 PM,7:35 PM,
9,9,Wed,4:44 AM,5:56 AM,12:10 PM,3:28 PM,6:22 PM,7:36 PM,
10,10,Thu,4:43 AM,5:55 AM,12:09 PM,3:27 PM,6:23 PM,7:36 PM,
11,11,Fri,4:42 AM,5:55 AM,12:09 PM,3:27 PM,6:23 PM,7:36 PM,
12,12,Sat,4:41 AM,5:54 AM,12:09 PM,3:26 PM,6:23 PM,7:36 PM,
13,13,Sun,4:40 AM,5:53 AM,12:09 PM,3:25 PM,6:23 PM,7:37 PM,
14,14,Mon,4:40 AM,5:53 AM,12:08 PM,3:25 PM,6:23 PM,7:37 PM,
15,15,Tue,4:39 AM,5:52 AM,12:08 PM,3:24 PM,6:23 PM,7:37 PM,
16,16,Wed,4:38 AM,5:51 AM,12:08 PM,3:24 PM,6:24 PM,7:38 PM,
17,17,Thu,4:37 AM,5:51 AM,12:08 PM,3:23 PM,6:24 PM,7:38 PM,
18,18,Fri,4:36 AM,5:50 AM,12:07 PM,3:23 PM,6:24 PM,7:38 PM,
19,19,Sat,4:36 AM,5:49 AM,12:07 PM,3:22 PM,6:24 PM,7:39 PM,
20,20,Sun,4:35 AM,5:49 AM,12:07 PM,3:21 PM,6:25 PM,7:39 PM,
21,21,Mon,4:34 AM,5:48 AM,12:07 PM,3:21 PM,6:25 PM,7:39 PM,
22,22,Tue,4:33 AM,5:47 AM,12:07 PM,3:20 PM,6:25 PM,7:40 PM,
23,23,Wed,4:33 AM,5:47 AM,12:06 PM,3:20 PM,6:25 PM,7:40 PM,
24,24,Thu,4:32 AM,5:46 AM,12:06 PM,3:19 PM,6:25 PM,7:41 PM,
25,25,Fri,4:31 AM,5:46 AM,12:06 PM,3:19 PM,6:26 PM,7:41 PM,
26,26,Sat,4:30 AM,5:45 AM,12:06 PM,3:18 PM,6:26 PM,7:41 PM,
27,27,Sun,4:30 AM,5:44 AM,12:06 PM,3:17 PM,6:26 PM,7:42 PM,
28,28,Mon,4:29 AM,5:44 AM,12:06 PM,3:17 PM,6:26 PM,7:42 PM,
29,29,Tue,4:28 AM,5:43 AM,12:05 PM,3:16 PM,6:27 PM,7:42 PM,
30,30,Wed,4:28 AM,5:43 AM,12:05 PM,3:16 PM,6:27 PM,7:43 PM,
Calculation Method,,,,,,,,,
"University Of Islamic Sciences, Karachi",,,,,,,,,
"Fajr 18.0 degrees, Isha 18.0 degrees",,,,,,,,,
Juristic Method,,,,,,,,,
"Hanbali, Maliki, Sha ",,,,,,,,,
Daylight Saving,,,,,,,,,
Auto,,,,,,,,,
Latitude/Longitude,,,,,,,,,
"16.5167, 80.6167",,,,,,,,,
`,,,,,,,,,
,,,,,,,"Vijayawada, India",,
,Monthly Prayer Times in Vijayawada,,,,,,,Print ,
May-25,,,,,,,Dhul Qadah 1446 - Dhul Hijjah 1446,,
May,Dhul Qadah,Day,Fajr,Sunrise,Dhuhr,Asr,Maghrib,Isha,
1,1,Thu,4:27 AM,5:42 AM,12:05 PM,3:15 PM,6:27 PM,7:43 PM,
2,2,Fri,4:26 AM,5:42 AM,12:05 PM,3:15 PM,6:28 PM,7:44 PM,
3,3,Sat,4:26 AM,5:41 AM,12:05 PM,3:14 PM,6:28 PM,7:44 PM,
4,4,Sun,4:25 AM,5:41 AM,12:05 PM,3:14 PM,6:28 PM,7:45 PM,
5,5,Mon,4:24 AM,5:40 AM,12:05 PM,3:13 PM,6:28 PM,7:45 PM,
6,6,Tue,4:24 AM,5:40 AM,12:05 PM,3:14 PM,6:29 PM,7:45 PM,
7,7,Wed,4:23 AM,5:39 AM,12:05 PM,3:14 PM,6:29 PM,7:46 PM,
8,8,Thu,4:23 AM,5:39 AM,12:05 PM,3:15 PM,6:29 PM,7:46 PM,
9,9,Fri,4:22 AM,5:39 AM,12:04 PM,3:15 PM,6:30 PM,7:47 PM,
10,10,Sat,4:22 AM,5:38 AM,12:04 PM,3:16 PM,6:30 PM,7:47 PM,
11,11,Sun,4:21 AM,5:38 AM,12:04 PM,3:17 PM,6:30 PM,7:48 PM,
12,12,Mon,4:21 AM,5:37 AM,12:04 PM,3:17 PM,6:31 PM,7:48 PM,
13,13,Tue,4:20 AM,5:37 AM,12:04 PM,3:18 PM,6:31 PM,7:49 PM,
14,14,Wed,4:20 AM,5:37 AM,12:04 PM,3:18 PM,6:31 PM,7:49 PM,
15,15,Thu,4:19 AM,5:36 AM,12:04 PM,3:19 PM,6:32 PM,7:50 PM,
16,16,Fri,4:19 AM,5:36 AM,12:04 PM,3:20 PM,6:32 PM,7:50 PM,
17,17,Sat,4:18 AM,5:36 AM,12:04 PM,3:20 PM,6:32 PM,7:51 PM,
18,18,Sun,4:18 AM,5:36 AM,12:04 PM,3:21 PM,6:33 PM,7:51 PM,
19,19,Mon,4:17 AM,5:35 AM,12:05 PM,3:21 PM,6:33 PM,7:52 PM,
20,20,Tue,4:17 AM,5:35 AM,12:05 PM,3:22 PM,6:33 PM,7:52 PM,
21,21,Wed,4:17 AM,5:35 AM,12:05 PM,3:22 PM,6:34 PM,7:53 PM,
22,22,Thu,4:16 AM,5:35 AM,12:05 PM,3:23 PM,6:34 PM,7:53 PM,
23,23,Fri,4:16 AM,5:34 AM,12:05 PM,3:23 PM,6:34 PM,7:54 PM,
24,24,Sat,4:16 AM,5:34 AM,12:05 PM,3:24 PM,6:35 PM,7:54 PM,
25,25,Sun,4:15 AM,5:34 AM,12:05 PM,3:24 PM,6:35 PM,7:54 PM,
26,26,Mon,4:15 AM,5:34 AM,12:05 PM,3:25 PM,6:35 PM,7:55 PM,
27,27,Tue,4:15 AM,5:34 AM,12:05 PM,3:25 PM,6:36 PM,7:55 PM,
28,28,Wed,4:15 AM,5:34 AM,12:05 PM,3:26 PM,6:36 PM,7:56 PM,
29,29,Thu,4:15 AM,5:34 AM,12:05 PM,3:26 PM,6:36 PM,7:56 PM,
May,Dhul Hijjah,Day,,,,,,,
30,1,Fri,4:14 AM,5:34 AM,12:06 PM,3:27 PM,6:37 PM,7:57 PM,
31,2,Sat,4:14 AM,5:34 AM,12:06 PM,3:27 PM,6:37 PM,7:57 PM,
Calculation Method,,,,,,,,,
"University Of Islamic Sciences, Karachi",,,,,,,,,
"Fajr 18.0 degrees, Isha 18.0 degrees",,,,,,,,,
Juristic Method,,,,,,,,,
"Hanbali, Maliki, Sha ",,,,,,,,,
Daylight Saving,,,,,,,,,
Auto,,,,,,,,,
Latitude/Longitude,,,,,,,,,
`,,,,,,,,,
,,,,,,,"Vijayawada, India",,
,Monthly Prayer Times in Vijayawada,,,,,,,Print ,
Jun-25,,,,,,,Dhul Hijjah 1446 - Muharram 1447,,
June,Dhul Hijjah,Day,Fajr,Sunrise,Dhuhr,Asr,Maghrib,Isha,
1,3,Sun,4:14 AM,5:33 AM,12:06 PM,3:28 PM,6:37 PM,7:58 PM,
2,4,Mon,4:14 AM,5:33 AM,12:06 PM,3:28 PM,6:38 PM,7:58 PM,
3,5,Tue,4:14 AM,5:33 AM,12:06 PM,3:28 PM,6:38 PM,7:59 PM,
4,6,Wed,4:14 AM,5:33 AM,12:06 PM,3:29 PM,6:38 PM,7:59 PM,
5,7,Thu,4:14 AM,5:33 AM,12:07 PM,3:29 PM,6:39 PM,7:59 PM,
6,8,Fri,4:14 AM,5:33 AM,12:07 PM,3:30 PM,6:39 PM,8:00 PM,
7,9,Sat,4:14 AM,5:34 AM,12:07 PM,3:30 PM,6:39 PM,8:00 PM,
8,10,Sun,4:14 AM,5:34 AM,12:07 PM,3:30 PM,6:40 PM,8:01 PM,
9,11,Mon,4:14 AM,5:34 AM,12:07 PM,3:31 PM,6:40 PM,8:01 PM,
10,12,Tue,4:14 AM,5:34 AM,12:08 PM,3:31 PM,6:40 PM,8:01 PM,
11,13,Wed,4:14 AM,5:34 AM,12:08 PM,3:31 PM,6:41 PM,8:02 PM,
12,14,Thu,4:14 AM,5:34 AM,12:08 PM,3:32 PM,6:41 PM,8:02 PM,
13,15,Fri,4:14 AM,5:34 AM,12:08 PM,3:32 PM,6:41 PM,8:02 PM,
14,16,Sat,4:14 AM,5:34 AM,12:08 PM,3:32 PM,6:42 PM,8:03 PM,
15,17,Sun,4:14 AM,5:34 AM,12:09 PM,3:33 PM,6:42 PM,8:03 PM,
16,18,Mon,4:14 AM,5:34 AM,12:09 PM,3:33 PM,6:42 PM,8:03 PM,
17,19,Tue,4:14 AM,5:35 AM,12:09 PM,3:33 PM,6:42 PM,8:04 PM,
18,20,Wed,4:15 AM,5:35 AM,12:09 PM,3:34 PM,6:43 PM,8:04 PM,
19,21,Thu,4:15 AM,5:35 AM,12:09 PM,3:34 PM,6:43 PM,8:04 PM,
20,22,Fri,4:15 AM,5:35 AM,12:10 PM,3:34 PM,6:43 PM,8:04 PM,
21,23,Sat,4:15 AM,5:35 AM,12:10 PM,3:34 PM,6:43 PM,8:05 PM,
22,24,Sun,4:15 AM,5:36 AM,12:10 PM,3:34 PM,6:43 PM,8:05 PM,
23,25,Mon,4:16 AM,5:36 AM,12:10 PM,3:35 PM,6:44 PM,8:05 PM,
24,26,Tue,4:16 AM,5:36 AM,12:11 PM,3:35 PM,6:44 PM,8:05 PM,
25,27,Wed,4:16 AM,5:36 AM,12:11 PM,3:35 PM,6:44 PM,8:05 PM,
26,28,Thu,4:16 AM,5:37 AM,12:11 PM,3:35 PM,6:44 PM,8:05 PM,
27,29,Fri,4:17 AM,5:37 AM,12:11 PM,3:35 PM,6:44 PM,8:06 PM,
June,Muharram,Day,,,,,,,
28,1,Sat,4:17 AM,5:37 AM,12:11 PM,3:35 PM,6:45 PM,8:06 PM,
29,2,Sun,4:17 AM,5:37 AM,12:12 PM,3:35 PM,6:45 PM,8:06 PM,
30,3,Mon,4:18 AM,5:38 AM,12:12 PM,3:35 PM,6:45 PM,8:06 PM,
Calculation Method,,,,,,,,,
"University Of Islamic Sciences, Karachi",,,,,,,,,
"Fajr 18.0 degrees, Isha 18.0 degrees",,,,,,,,,
Juristic Method,,,,,,,,,
"Hanbali, Maliki, Sha ",,,,,,,,,
Daylight Saving,,,,,,,,,
Auto,,,,,,,,,
Latitude/Longitude,,,,,,,,,
"16.5167, 80.6167",,,,,,,,,
`,,,,,,,,,
,,,,,,,"Vijayawada, India",,
,Monthly Prayer Times in Vijayawada,,,,,,,Print ,
Jul-25,,,,,,,Muharram 1447 - Safar 1447,,
July,Muharram,Day,Fajr,Sunrise,Dhuhr,Asr,Maghrib,Isha,
1,4,Tue,4:18 AM,5:38 AM,12:12 PM,3:36 PM,6:45 PM,8:06 PM,
2,5,Wed,4:19 AM,5:38 AM,12:12 PM,3:36 PM,6:45 PM,8:06 PM,
3,6,Thu,4:19 AM,5:39 AM,12:12 PM,3:36 PM,6:45 PM,8:06 PM,
4,7,Fri,4:19 AM,5:39 AM,12:13 PM,3:36 PM,6:45 PM,8:06 PM,
5,8,Sat,4:20 AM,5:39 AM,12:13 PM,3:36 PM,6:45 PM,8:06 PM,
6,9,Sun,4:20 AM,5:40 AM,12:13 PM,3:35 PM,6:45 PM,8:06 PM,
7,10,Mon,4:20 AM,5:40 AM,12:13 PM,3:35 PM,6:45 PM,8:06 PM,
8,11,Tue,4:21 AM,5:40 AM,12:13 PM,3:35 PM,6:45 PM,8:05 PM,
9,12,Wed,4:21 AM,5:41 AM,12:13 PM,3:35 PM,6:45 PM,8:05 PM,
10,13,Thu,4:22 AM,5:41 AM,12:13 PM,3:35 PM,6:45 PM,8:05 PM,
11,14,Fri,4:22 AM,5:41 AM,12:14 PM,3:35 PM,6:45 PM,8:05 PM,
12,15,Sat,4:23 AM,5:41 AM,12:14 PM,3:35 PM,6:45 PM,8:05 PM,
13,16,Sun,4:23 AM,5:42 AM,12:14 PM,3:34 PM,6:45 PM,8:05 PM,
14,17,Mon,4:23 AM,5:42 AM,12:14 PM,3:34 PM,6:45 PM,8:04 PM,
15,18,Tue,4:24 AM,5:42 AM,12:14 PM,3:34 PM,6:45 PM,8:04 PM,
16,19,Wed,4:24 AM,5:43 AM,12:14 PM,3:34 PM,6:44 PM,8:04 PM,
17,20,Thu,4:25 AM,5:43 AM,12:14 PM,3:33 PM,6:44 PM,8:04 PM,
18,21,Fri,4:25 AM,5:43 AM,12:14 PM,3:33 PM,6:44 PM,8:03 PM,
19,22,Sat,4:26 AM,5:44 AM,12:14 PM,3:33 PM,6:44 PM,8:03 PM,
20,23,Sun,4:26 AM,5:44 AM,12:14 PM,3:32 PM,6:44 PM,8:03 PM,
21,24,Mon,4:27 AM,5:44 AM,12:14 PM,3:32 PM,6:43 PM,8:02 PM,
22,25,Tue,4:27 AM,5:45 AM,12:15 PM,3:32 PM,6:43 PM,8:02 PM,
23,26,Wed,4:28 AM,5:45 AM,12:15 PM,3:31 PM,6:43 PM,8:02 PM,
24,27,Thu,4:28 AM,5:45 AM,12:15 PM,3:31 PM,6:43 PM,8:01 PM,
25,28,Fri,4:28 AM,5:46 AM,12:15 PM,3:30 PM,6:42 PM,8:01 PM,
26,29,Sat,4:29 AM,5:46 AM,12:15 PM,3:30 PM,6:42 PM,8:00 PM,
27,30,Sun,4:29 AM,5:46 AM,12:15 PM,3:29 PM,6:42 PM,8:00 PM,
July,Safar,Day,,,,,,,
28,1,Mon,4:30 AM,5:47 AM,12:15 PM,3:29 PM,6:41 PM,7:59 PM,
29,2,Tue,4:30 AM,5:47 AM,12:15 PM,3:28 PM,6:41 PM,7:59 PM,
30,3,Wed,4:31 AM,5:47 AM,12:15 PM,3:27 PM,6:41 PM,7:58 PM,
31,4,Thu,4:31 AM,5:47 AM,12:14 PM,3:27 PM,6:40 PM,7:58 PM,
Calculation Method,,,,,,,,,
"University Of Islamic Sciences, Karachi",,,,,,,,,
"Fajr 18.0 degrees, Isha 18.0 degrees",,,,,,,,,
Juristic Method,,,,,,,,,
"Hanbali, Maliki, Sha ",,,,,,,,,
Daylight Saving,,,,,,,,,
Auto,,,,,,,,,
Latitude/Longitude,,,,,,,,,
`,,,,,,,,,
,,,,,,,"Vijayawada, India",,
,Monthly Prayer Times in Vijayawada,,,,,,,Print ,
Aug-25,,,,,,,Safar 1447 - Rabi ul Awal 1447,,
August,Safar,Day,Fajr,Sunrise,Dhuhr,Asr,Maghrib,Isha,
,1,5,Fri,4:32 AM,5:48 AM,12:14 PM,3:26 PM,6:40 PM,7:57 PM
,2,6,Sat,4:32 AM,5:48 AM,12:14 PM,3:25 PM,6:40 PM,7:57 PM
,3,7,Sun,4:32 AM,5:48 AM,12:14 PM,3:24 PM,6:39 PM,7:56 PM
,4,8,Mon,4:33 AM,5:48 AM,12:14 PM,3:24 PM,6:39 PM,7:55 PM
,5,9,Tue,4:33 AM,5:49 AM,12:14 PM,3:23 PM,6:38 PM,7:55 PM
,6,10,Wed,4:34 AM,5:49 AM,12:14 PM,3:22 PM,6:38 PM,7:54 PM
,7,11,Thu,4:34 AM,5:49 AM,12:14 PM,3:23 PM,6:37 PM,7:54 PM
,8,12,Fri,4:34 AM,5:49 AM,12:14 PM,3:23 PM,6:37 PM,7:53 PM
,9,13,Sat,4:35 AM,5:50 AM,12:14 PM,3:23 PM,6:36 PM,7:52 PM
,10,14,Sun,4:35 AM,5:50 AM,12:13 PM,3:23 PM,6:36 PM,7:52 PM
,11,15,Mon,4:36 AM,5:50 AM,12:13 PM,3:24 PM,6:35 PM,7:51 PM
,12,16,Tue,4:36 AM,5:50 AM,12:13 PM,3:24 PM,6:35 PM,7:50 PM
,13,17,Wed,4:36 AM,5:51 AM,12:13 PM,3:24 PM,6:34 PM,7:49 PM
,14,18,Thu,4:37 AM,5:51 AM,12:13 PM,3:24 PM,6:33 PM,7:49 PM
,15,19,Fri,4:37 AM,5:51 AM,12:13 PM,3:25 PM,6:33 PM,7:48 PM
,16,20,Sat,4:37 AM,5:51 AM,12:12 PM,3:25 PM,6:32 PM,7:47 PM
,17,21,Sun,4:38 AM,5:51 AM,12:12 PM,3:25 PM,6:32 PM,7:47 PM
,18,22,Mon,4:38 AM,5:52 AM,12:12 PM,3:25 PM,6:31 PM,7:46 PM
,19,23,Tue,4:38 AM,5:52 AM,12:12 PM,3:25 PM,6:30 PM,7:45 PM
,20,24,Wed,4:39 AM,5:52 AM,12:11 PM,3:25 PM,6:30 PM,7:44 PM
,21,25,Thu,4:39 AM,5:52 AM,12:11 PM,3:26 PM,6:29 PM,7:43 PM
,22,26,Fri,4:39 AM,5:52 AM,12:11 PM,3:26 PM,6:28 PM,7:43 PM
,23,27,Sat,4:40 AM,5:52 AM,12:11 PM,3:26 PM,6:28 PM,7:42 PM
,24,28,Sun,4:40 AM,5:53 AM,12:10 PM,3:26 PM,6:27 PM,7:41 PM
,25,29,Mon,4:40 AM,5:53 AM,12:10 PM,3:26 PM,6:26 PM,7:40 PM
August,Rabi Ul Awal,Day,,,,,,,
,26,1,Tue,4:40 AM,5:53 AM,12:10 PM,3:26 PM,6:26 PM,7:39 PM
,27,2,Wed,4:41 AM,5:53 AM,12:10 PM,3:26 PM,6:25 PM,7:38 PM
,28,3,Thu,4:41 AM,5:53 AM,12:09 PM,3:26 PM,6:24 PM,7:38 PM
,29,4,Fri,4:41 AM,5:53 AM,12:09 PM,3:26 PM,6:23 PM,7:37 PM
,30,5,Sat,4:41 AM,5:54 AM,12:09 PM,3:26 PM,6:23 PM,7:36 PM
,31,6,Sun,4:42 AM,5:54 AM,12:08 PM,3:26 PM,6:22 PM,7:35 PM
Calculation Method,,,,,,,,,
"University Of Islamic Sciences, Karachi",,,,,,,,,
"Fajr 18.0 degrees, Isha 18.0 degrees",,,,,,,,,
Juristic Method,,,,,,,,,
"Hanbali, Maliki, Sha ",,,,,,,,,
Daylight Saving,,,,,,,,,
Auto,,,,,,,,,
Latitude/Longitude,,,,,,,,,
`,,,,,,,,,
,,,,,,"Vijayawada, India",,,
,Monthly Prayer Times in Vijayawada,,,,,,,Print ,
Sep-25,,,,,,Rabi ul Awal 1447 - Rabi Al-Akhar 1447,,,
September,Rabi Ul Awal,Day,Fajr,Sunrise,Dhuhr,Asr,Maghrib,Isha,
,1,7,Mon,4:42 AM,5:54 AM,12:08 PM,3:26 PM,6:21 PM,7:34 PM
,2,8,Tue,4:42 AM,5:54 AM,12:08 PM,3:26 PM,6:20 PM,7:33 PM
,3,9,Wed,4:42 AM,5:54 AM,12:07 PM,3:26 PM,6:20 PM,7:32 PM
,4,10,Thu,4:43 AM,5:54 AM,12:07 PM,3:26 PM,6:19 PM,7:32 PM
,5,11,Fri,4:43 AM,5:54 AM,12:07 PM,3:26 PM,6:18 PM,7:31 PM
,6,12,Sat,4:43 AM,5:54 AM,12:06 PM,3:26 PM,6:17 PM,7:30 PM
,7,13,Sun,4:43 AM,5:54 AM,12:06 PM,3:26 PM,6:16 PM,7:29 PM
,8,14,Mon,4:43 AM,5:55 AM,12:06 PM,3:25 PM,6:16 PM,7:28 PM
,9,15,Tue,4:44 AM,5:55 AM,12:05 PM,3:25 PM,6:15 PM,7:27 PM
,10,16,Wed,4:44 AM,5:55 AM,12:05 PM,3:25 PM,6:14 PM,7:26 PM
,11,17,Thu,4:44 AM,5:55 AM,12:05 PM,3:25 PM,6:13 PM,7:25 PM
,12,18,Fri,4:44 AM,5:55 AM,12:04 PM,3:25 PM,6:12 PM,7:25 PM
,13,19,Sat,4:44 AM,5:55 AM,12:04 PM,3:25 PM,6:12 PM,7:24 PM
,14,20,Sun,4:44 AM,5:55 AM,12:04 PM,3:24 PM,6:11 PM,7:23 PM
,15,21,Mon,4:45 AM,5:55 AM,12:03 PM,3:24 PM,6:10 PM,7:22 PM
,16,22,Tue,4:45 AM,5:55 AM,12:03 PM,3:24 PM,6:09 PM,7:21 PM
,17,23,Wed,4:45 AM,5:56 AM,12:03 PM,3:24 PM,6:08 PM,7:20 PM
,18,24,Thu,4:45 AM,5:56 AM,12:02 PM,3:24 PM,6:08 PM,7:19 PM
,19,25,Fri,4:45 AM,5:56 AM,12:02 PM,3:23 PM,6:07 PM,7:19 PM
,20,26,Sat,4:45 AM,5:56 AM,12:01 PM,3:23 PM,6:06 PM,7:18 PM
,21,27,Sun,4:45 AM,5:56 AM,12:01 PM,3:23 PM,6:05 PM,7:17 PM
,22,28,Mon,4:46 AM,5:56 AM,12:01 PM,3:22 PM,6:04 PM,7:16 PM
,23,29,Tue,4:46 AM,5:56 AM,12:00 PM,3:22 PM,6:03 PM,7:15 PM
,24,30,Wed,4:46 AM,5:56 AM,12:00 PM,3:22 PM,6:03 PM,7:14 PM
,September,Rabi Al-Akhar,Day,,,,,,
,25,1,Thu,4:46 AM,5:56 AM,12:00 PM,3:22 PM,6:02 PM,7:13 PM
,26,2,Fri,4:46 AM,5:57 AM,11:59 AM,3:21 PM,6:01 PM,7:13 PM
,27,3,Sat,4:46 AM,5:57 AM,11:59 AM,3:21 PM,6:00 PM,7:12 PM
,28,4,Sun,4:46 AM,5:57 AM,11:59 AM,3:21 PM,5:59 PM,7:11 PM
,29,5,Mon,4:46 AM,5:57 AM,11:58 AM,3:20 PM,5:59 PM,7:10 PM
,30,6,Tue,4:47 AM,5:57 AM,11:58 AM,3:20 PM,5:58 PM,7:09 PM
Calculation Method,,,,,,,,,
"University Of Islamic Sciences, Karachi",,,,,,,,,
"Fajr 18.0 degrees, Isha 18.0 degrees",,,,,,,,,
Juristic Method,,,,,,,,,
"Hanbali, Maliki, Sha ",,,,,,,,,
Daylight Saving,,,,,,,,,
Auto,,,,,,,,,
Latitude/Longitude,,,,,,,,,
"16.5167, 80.6167",,,,,,,,,
`,,,,,,,,,
,,,,,,"Vijayawada, India",,,
,Monthly Prayer Times in Vijayawada,,,,,,,Print ,
Oct-25,,,,,,Rabi Al-Akhar 1447 - Jumada Al-Awwal 1447,,,
October,Rabi Al-Akhar,Day,Fajr,Sunrise,Dhuhr,Asr,Maghrib,Isha,
,1,7,Wed,4:47 AM,5:57 AM,11:58 AM,3:20 PM,5:57 PM,7:09 PM
,2,8,Thu,4:47 AM,5:57 AM,11:57 AM,3:19 PM,5:56 PM,7:08 PM
,3,9,Fri,4:47 AM,5:57 AM,11:57 AM,3:19 PM,5:56 PM,7:07 PM
,4,10,Sat,4:47 AM,5:58 AM,11:57 AM,3:19 PM,5:55 PM,7:06 PM
,5,11,Sun,4:47 AM,5:58 AM,11:56 AM,3:18 PM,5:54 PM,7:06 PM
,6,12,Mon,4:47 AM,5:58 AM,11:56 AM,3:18 PM,5:53 PM,7:05 PM
,7,13,Tue,4:48 AM,5:58 AM,11:56 AM,3:18 PM,5:52 PM,7:04 PM
,8,14,Wed,4:48 AM,5:58 AM,11:56 AM,3:17 PM,5:52 PM,7:04 PM
,9,15,Thu,4:48 AM,5:58 AM,11:55 AM,3:17 PM,5:51 PM,7:03 PM
,10,16,Fri,4:48 AM,5:59 AM,11:55 AM,3:17 PM,5:50 PM,7:02 PM
,11,17,Sat,4:48 AM,5:59 AM,11:55 AM,3:16 PM,5:50 PM,7:01 PM
,12,18,Sun,4:48 AM,5:59 AM,11:55 AM,3:16 PM,5:49 PM,7:01 PM
,13,19,Mon,4:48 AM,5:59 AM,11:54 AM,3:16 PM,5:48 PM,7:00 PM
,14,20,Tue,4:49 AM,5:59 AM,11:54 AM,3:15 PM,5:48 PM,7:00 PM
,15,21,Wed,4:49 AM,6:00 AM,11:54 AM,3:15 PM,5:47 PM,6:59 PM
,16,22,Thu,4:49 AM,6:00 AM,11:54 AM,3:15 PM,5:46 PM,6:58 PM
,17,23,Fri,4:49 AM,6:00 AM,11:53 AM,3:14 PM,5:46 PM,6:58 PM
,18,24,Sat,4:49 AM,6:00 AM,11:53 AM,3:14 PM,5:45 PM,6:57 PM
,19,25,Sun,4:49 AM,6:01 AM,11:53 AM,3:14 PM,5:44 PM,6:57 PM
,20,26,Mon,4:50 AM,6:01 AM,11:53 AM,3:13 PM,5:44 PM,6:56 PM
,21,27,Tue,4:50 AM,6:01 AM,11:53 AM,3:13 PM,5:43 PM,6:56 PM
,22,28,Wed,4:50 AM,6:01 AM,11:53 AM,3:13 PM,5:43 PM,6:55 PM
,23,29,Thu,4:50 AM,6:02 AM,11:52 AM,3:12 PM,5:42 PM,6:55 PM
,24,30,Fri,4:50 AM,6:02 AM,11:52 AM,3:12 PM,5:41 PM,6:54 PM
October,Jumada Al-Awwal,Day,,,,,,,
,25,1,Sat,4:51 AM,6:02 AM,11:52 AM,3:12 PM,5:41 PM,6:54 PM
,26,2,Sun,4:51 AM,6:03 AM,11:52 AM,3:12 PM,5:40 PM,6:53 PM
,27,3,Mon,4:51 AM,6:03 AM,11:52 AM,3:11 PM,5:40 PM,6:53 PM
,28,4,Tue,4:51 AM,6:03 AM,11:52 AM,3:11 PM,5:39 PM,6:52 PM
,29,5,Wed,4:52 AM,6:04 AM,11:52 AM,3:11 PM,5:39 PM,6:52 PM
,30,6,Thu,4:52 AM,6:04 AM,11:52 AM,3:11 PM,5:38 PM,6:52 PM
,31,7,Fri,4:52 AM,6:04 AM,11:52 AM,3:10 PM,5:38 PM,6:51 PM
Calculation Method,,,,,,,,,
"University Of Islamic Sciences, Karachi",,,,,,,,,
"Fajr 18.0 degrees, Isha 18.0 degrees",,,,,,,,,
Juristic Method,,,,,,,,,
"Hanbali, Maliki, Sha ",,,,,,,,,
Daylight Saving,,,,,,,,,
Auto,,,,,,,,,
Latitude/Longitude,,,,,,,,,
`,,,,,,,,,
,,,,,,"Vijayawada, India",,,
,Monthly Prayer Times in Vijayawada,,,,,,,Print ,
Nov-25,,,,,,Jumada Al-Awwal 1447 - Jumada Al-Akhirah 1447,,,
November,Jumada Al-Awwal,Day,Fajr,Sunrise,Dhuhr,Asr,Maghrib,Isha,
,1,8,Sat,4:52 AM,6:05 AM,11:52 AM,3:10 PM,5:38 PM,6:51 PM
,2,9,Sun,4:53 AM,6:05 AM,11:52 AM,3:10 PM,5:37 PM,6:51 PM
,3,10,Mon,4:53 AM,6:05 AM,11:52 AM,3:10 PM,5:37 PM,6:50 PM
,4,11,Tue,4:53 AM,6:06 AM,11:52 AM,3:10 PM,5:36 PM,6:50 PM
,5,12,Wed,4:54 AM,6:06 AM,11:52 AM,3:09 PM,5:36 PM,6:50 PM
,6,13,Thu,4:54 AM,6:07 AM,11:52 AM,3:09 PM,5:36 PM,6:49 PM
,7,14,Fri,4:54 AM,6:07 AM,11:52 AM,3:09 PM,5:35 PM,6:49 PM
,8,15,Sat,4:55 AM,6:07 AM,11:52 AM,3:09 PM,5:35 PM,6:49 PM
,9,16,Sun,4:55 AM,6:08 AM,11:52 AM,3:09 PM,5:35 PM,6:49 PM
,10,17,Mon,4:55 AM,6:08 AM,11:52 AM,3:09 PM,5:34 PM,6:49 PM
,11,18,Tue,4:56 AM,6:09 AM,11:52 AM,3:09 PM,5:34 PM,6:49 PM
,12,19,Wed,4:56 AM,6:09 AM,11:52 AM,3:08 PM,5:34 PM,6:48 PM
,13,20,Thu,4:56 AM,6:10 AM,11:52 AM,3:08 PM,5:34 PM,6:48 PM
,14,21,Fri,4:57 AM,6:10 AM,11:52 AM,3:08 PM,5:34 PM,6:48 PM
,15,22,Sat,4:57 AM,6:11 AM,11:53 AM,3:08 PM,5:33 PM,6:48 PM
,16,23,Sun,4:57 AM,6:11 AM,11:53 AM,3:08 PM,5:33 PM,6:48 PM
,17,24,Mon,4:58 AM,6:12 AM,11:53 AM,3:08 PM,5:33 PM,6:48 PM
,18,25,Tue,4:58 AM,6:12 AM,11:53 AM,3:08 PM,5:33 PM,6:48 PM
,19,26,Wed,4:59 AM,6:13 AM,11:53 AM,3:08 PM,5:33 PM,6:48 PM
,20,27,Thu,4:59 AM,6:13 AM,11:54 AM,3:08 PM,5:33 PM,6:48 PM
,21,28,Fri,5:00 AM,6:14 AM,11:54 AM,3:08 PM,5:33 PM,6:48 PM
,22,29,Sat,5:00 AM,6:14 AM,11:54 AM,3:08 PM,5:33 PM,6:48 PM
,23,30,Sun,5:01 AM,6:15 AM,11:54 AM,3:09 PM,5:33 PM,6:48 PM
November,Jumada Al-Akhirah,Day,,,,,,,
,24,1,Mon,5:01 AM,6:15 AM,11:55 AM,3:09 PM,5:33 PM,6:49 PM
,25,2,Tue,5:01 AM,6:16 AM,11:55 AM,3:09 PM,5:33 PM,6:49 PM
,26,3,Wed,5:02 AM,6:17 AM,11:55 AM,3:09 PM,5:33 PM,6:49 PM
,27,4,Thu,5:02 AM,6:17 AM,11:56 AM,3:09 PM,5:33 PM,6:49 PM
,28,5,Fri,5:03 AM,6:18 AM,11:56 AM,3:09 PM,5:33 PM,6:49 PM
,29,6,Sat,5:03 AM,6:18 AM,11:56 AM,3:09 PM,5:33 PM,6:49 PM
,30,7,Sun,5:04 AM,6:19 AM,11:57 AM,3:10 PM,5:33 PM,6:50 PM
Calculation Method,,,,,,,,,
"University Of Islamic Sciences, Karachi",,,,,,,,,
"Fajr 18.0 degrees, Isha 18.0 degrees",,,,,,,,,
Juristic Method,,,,,,,,,
"Hanbali, Maliki, Sha ",,,,,,,,,
Daylight Saving,,,,,,,,,
Auto,,,,,,,,,
Latitude/Longitude,,,,,,,,,
"16.5167, 80.6167",,,,,,,,,
`,,,,,,,,,
,,,,,,"Vijayawada, India",,,
,Monthly Prayer Times in Vijayawada,,,,,,,Print ,
Dec-25,,,,,,Jumada Al-Akhirah 1447 - Rajab 1447,,,
December,Jumada Al-Akhirah,Day,Fajr,Sunrise,Dhuhr,Asr,Maghrib,Isha,
,1,8,Mon,5:04 AM,6:19 AM,11:57 AM,3:10 PM,5:34 PM,6:50 PM
,2,9,Tue,5:05 AM,6:20 AM,11:57 AM,3:10 PM,5:34 PM,6:50 PM
,3,10,Wed,5:05 AM,6:21 AM,11:58 AM,3:10 PM,5:34 PM,6:50 PM
,4,11,Thu,5:06 AM,6:21 AM,11:58 AM,3:11 PM,5:34 PM,6:51 PM
,5,12,Fri,5:06 AM,6:22 AM,11:59 AM,3:11 PM,5:34 PM,6:51 PM
,6,13,Sat,5:07 AM,6:22 AM,11:59 AM,3:11 PM,5:35 PM,6:51 PM
,7,14,Sun,5:07 AM,6:23 AM,11:59 AM,3:11 PM,5:35 PM,6:52 PM
,8,15,Mon,5:08 AM,6:24 AM,12:00 PM,3:12 PM,5:35 PM,6:52 PM
,9,16,Tue,5:08 AM,6:24 AM,12:00 PM,3:12 PM,5:36 PM,6:52 PM
,10,17,Wed,5:09 AM,6:25 AM,12:01 PM,3:12 PM,5:36 PM,6:53 PM
,11,18,Thu,5:09 AM,6:25 AM,12:01 PM,3:13 PM,5:36 PM,6:53 PM
,12,19,Fri,5:10 AM,6:26 AM,12:02 PM,3:13 PM,5:37 PM,6:53 PM
,13,20,Sat,5:11 AM,6:26 AM,12:02 PM,3:14 PM,5:37 PM,6:54 PM
,14,21,Sun,5:11 AM,6:27 AM,12:03 PM,3:14 PM,5:37 PM,6:54 PM
,15,22,Mon,5:12 AM,6:28 AM,12:03 PM,3:14 PM,5:38 PM,6:55 PM
,16,23,Tue,5:12 AM,6:28 AM,12:04 PM,3:15 PM,5:38 PM,6:55 PM
,17,24,Wed,5:13 AM,6:29 AM,12:04 PM,3:15 PM,5:39 PM,6:56 PM
,18,25,Thu,5:13 AM,6:29 AM,12:05 PM,3:16 PM,5:39 PM,6:56 PM
,19,26,Fri,5:14 AM,6:30 AM,12:05 PM,3:16 PM,5:40 PM,6:57 PM
,20,27,Sat,5:14 AM,6:30 AM,12:06 PM,3:17 PM,5:40 PM,6:57 PM
,21,28,Sun,5:15 AM,6:31 AM,12:06 PM,3:17 PM,5:41 PM,6:58 PM
,22,29,Mon,5:15 AM,6:31 AM,12:07 PM,3:18 PM,5:41 PM,6:58 PM
,December,Rajab,Day,,,,,,
,23,1,Tue,5:16 AM,6:32 AM,12:07 PM,3:18 PM,5:42 PM,6:59 PM
,24,2,Wed,5:16 AM,6:32 AM,12:08 PM,3:19 PM,5:42 PM,6:59 PM
,25,3,Thu,5:17 AM,6:33 AM,12:08 PM,3:19 PM,5:43 PM,7:00 PM
,26,4,Fri,5:17 AM,6:33 AM,12:09 PM,3:20 PM,5:43 PM,7:00 PM
,27,5,Sat,5:17 AM,6:34 AM,12:09 PM,3:20 PM,5:44 PM,7:01 PM
,28,6,Sun,5:18 AM,6:34 AM,12:10 PM,3:21 PM,5:44 PM,7:01 PM
,29,7,Mon,5:18 AM,6:34 AM,12:10 PM,3:21 PM,5:45 PM,7:02 PM
,30,8,Tue,5:19 AM,6:35 AM,12:11 PM,3:22 PM,5:45 PM,7:02 PM
,31,9,Wed,5:19 AM,6:35 AM,12:11 PM,3:23 PM,5:46 PM,7:03 PM
Calculation Method,,,,,,,,,
"University Of Islamic Sciences, Karachi",,,,,,,,,
"Fajr 18.0 degrees, Isha 18.0 degrees",,,,,,,,,
Juristic Method,,,,,,,,,
"Hanbali, Maliki, Sha ",,,,,,,,,
Daylight Saving,,,,,,,,,
Auto,,,,,,,,,
Latitude/Longitude,,,,,,,,,
